Infront-name;Yahoo finance name
247;247.ST
2CUREX;2CUREX.ST
4C;4C.ST
8TRA;8TRA.ST
AAC;AAC.ST
AAK;AAK.ST
ABAS;ABAS.ST
ABAS-TO-1;ABAS-TO-1.ST
ABB;ABB.ST
ABERA;ABERA.ST
ABI;ABI.ST
ABI-TO-1;ABI-TO-1.ST
ABI-TO-2;ABI-TO-2.ST
ABIG;ABIG.ST
ABLI;ABLI.ST
ABSL-B;ABSL-B.ST
ABSO;ABSO.ST
ACAD;ACAD.ST
ACARIX;ACARIX.ST
ACARIX-TO-2022U;ACARIX-TO-2022U.ST
ACAST;ACAST.ST
ACCON;ACCON.ST
ACE;ACE.ST
ACOS;ACOS.ST
ACOU;ACOU.ST
ACQ-SPAC;ACQ-SPAC.ST
ACRI-A;ACRI-A.ST
ACRI-B;ACRI-B.ST
ACRI-BTA-B;ACRI-BTA-B.ST
ACROUD;ACROUD.ST
ACTI;ACTI.ST
ACUC;ACUC.ST
ACUVI;ACUVI.ST
ADDERA;ADDERA.ST
ADDT-B;ADDT-B.ST
ADDV-A;ADDV-A.ST
ADDV-B;ADDV-B.ST
ADTR;ADTR.ST
ADVBOX;ADVBOX.ST
ADVE;ADVE.ST
ADVT;ADVT.ST
AEC;AEC.ST
AEGIR;AEGIR.ST
AERO;AERO.ST
AERO-TO-6;AERO-TO-6.ST
AERW-B;AERW-B.ST
AFRI;AFRI.ST
AFRY;AFRY.ST
AGES-B;AGES-B.ST
AGROUP;AGROUP.ST
AGTIRA-B;AGTIRA-B.ST
AIK-B;AIK-B.ST
AINO;AINO.ST
AJA-B;AJA-B.ST
AKEL-D;AKEL-D.ST
ALBERT;ALBERT.ST
ALCA;ALCA.ST
ALELIO;ALELIO.ST
ALFA;ALFA.ST
ALIF-B;ALIF-B.ST
ALIG;ALIG.ST
ALIV-SDB;ALIV-SDB.ST
ALLEI;ALLEI.ST
ALLIGO-B;ALLIGO-B.ST
ALLT;ALLT.ST
ALM;ALM.ST
ALM-PREF;ALM-PREF.ST
ALONNR-B;ALONNR-B.ST
ALPCOT-B;ALPCOT-B.ST
ALPH;ALPH.ST
ALTE;ALTE.ST
ALZ;ALZ.ST
ALZ-TO3;ALZ-TO3.ST
ALZCUR;ALZCUR.ST
AMBEA;AMBEA.ST
AMH2-B;AMH2-B.ST
AMIDO;AMIDO.ST
AMNI;AMNI.ST
AMNI-TO2;AMNI-TO2.ST
AMNO;AMNO.ST
ANGL;ANGL.ST
ANIMA-B;ANIMA-B.ST
ANNE-B;ANNE-B.ST
ANNX;ANNX.ST
ANOD-B;ANOD-B.ST
ANOT*;ANOT*.ST
ANTCO-B;ANTCO-B.ST
AOI;AOI.ST
APAC-SPAC-A;APAC-SPAC-A.ST
APRNDR;APRNDR.ST
APTA;APTA.ST
APTA-BTA;APTA-BTA.ST
APTA-TR;APTA-TR.ST
APTR*;APTR*.ST
AQ;AQ.ST
AQUAT;AQUAT.ST
ARBO-A;ARBO-A.ST
ARBO-B;ARBO-B.ST
ARCA;ARCA.ST
ARCANE;ARCANE.ST
ARCEDE;ARCEDE.ST
ARCOMA;ARCOMA.ST
ARCT;ARCT.ST
ARCTIC;ARCTIC.ST
ARCTIC-BTA;ARCTIC-BTA.ST
ARCTIC-TR;ARCTIC-TR.ST
ARION-SDB;ARION-SDB.ST
ARISE;ARISE.ST
ARJO-B;ARJO-B.ST
AROC;AROC.ST
AROS;AROS.ST
AROS-PREF-B;AROS-PREF-B.ST
ARP;ARP.ST
ARPL;ARPL.ST
ASAB;ASAB.ST
ASAI;ASAI.ST
ASAP;ASAP.ST
ASSA-B;ASSA-B.ST
ASTOR;ASTOR.ST
ATANA;ATANA.ST
ATCO-A;ATCO-A.ST
ATCO-B;ATCO-B.ST
ATIC;ATIC.ST
ATIN;ATIN.ST
ATORX;ATORX.ST
ATRLJ-B;ATRLJ-B.ST
ATT;ATT.ST
AUGEO;AUGEO.ST
AUGEO-TO-4;AUGEO-TO-4.ST
AUR;AUR.ST
AVEN;AVEN.ST
AVENT-B;AVENT-B.ST
AVT-B;AVT-B.ST
AWRD;AWRD.ST
AXFO;AXFO.ST
AXIC-A;AXIC-A.ST
AXIC-A-BTA;AXIC-A-BTA.ST
AXKID;AXKID.ST
AXOLOT;AXOLOT.ST
AYIMA-B;AYIMA-B.ST
AZA;AZA.ST
AZELIO;AZELIO.ST
AZN;AZN.ST
B3;B3.ST
BACKA;BACKA.ST
BACTI-B;BACTI-B.ST
BAHN-B;BAHN-B.ST
BALCO;BALCO.ST
BALD-B;BALD-B.ST
BAT;BAT.ST
BAWAT;BAWAT.ST
BAWAT-TO1;BAWAT-TO1.ST
BBROOM;BBROOM.ST
BEAMMW-B;BEAMMW-B.ST
BEAMMW-TO1-B;BEAMMW-TO1-B.ST
BEGR;BEGR.ST
BEIA-B;BEIA-B.ST
BEIJ-B;BEIJ-B.ST
BELE;BELE.ST
BELLP;BELLP.ST
BELLP-TO3;BELLP-TO3.ST
BEO-SDB;BEO-SDB.ST
BERG-B;BERG-B.ST
BESQ;BESQ.ST
BESQ-BTA;BESQ-BTA.ST
BESQ-TR;BESQ-TR.ST
BETCO;BETCO.ST
BETS-B;BETS-B.ST
BEYOND;BEYOND.ST
BFG;BFG.ST
BHG;BHG.ST
BIBB;BIBB.ST
BICO;BICO.ST
BILI-A;BILI-A.ST
BILL;BILL.ST
BIM;BIM.ST
BINERO;BINERO.ST
BINV;BINV.ST
BIOA-B;BIOA-B.ST
BIOEX;BIOEX.ST
BIOEX;BIOEX.ST
BIOEX-TO-3;BIOEX-TO-3.ST
BIOEX-TO3;BIOEX-TO3.ST
BIOF;BIOF.ST
BIOG-B;BIOG-B.ST
BIOGAS;BIOGAS.ST
BIOS;BIOS.ST
BIOS-TO-2;BIOS-TO-2.ST
BIOSGN;BIOSGN.ST
BIOSGN-TO2;BIOSGN-TO2.ST
BIOT;BIOT.ST
BIOVIC-B;BIOVIC-B.ST
BIOVIC-BTA-B;BIOVIC-BTA-B.ST
BIOVIC-TR-B;BIOVIC-TR-B.ST
BIOWKS;BIOWKS.ST
BLICK;BLICK.ST
BLICK-TO-4;BLICK-TO-4.ST
BLUE;BLUE.ST
BLUE-BTU;BLUE-BTU.ST
BMAX;BMAX.ST
BOAT;BOAT.ST
BODY;BODY.ST
BODY-BTA;BODY-BTA.ST
BODY-TR;BODY-TR.ST
BOKUS;BOKUS.ST
BOL;BOL.ST
BOMILL;BOMILL.ST
BOMILL-BTA;BOMILL-BTA.ST
BOMILL-TR;BOMILL-TR.ST
BONAS;BONAS.ST
BONAV-A;BONAV-A.ST
BONAV-B;BONAV-B.ST
BONES;BONES.ST
BONEX;BONEX.ST
BONG;BONG.ST
BONZUN;BONZUN.ST
BONZUN-TO2;BONZUN-TO2.ST
BOOZT;BOOZT.ST
BORG;BORG.ST
BOTX;BOTX.ST
BOTX-BTA;BOTX-BTA.ST
BOTX-TR;BOTX-TR.ST
BOUL;BOUL.ST
BPCINS;BPCINS.ST
BRAIN;BRAIN.ST
BRAIN;BRAIN.ST
BRAIN-BTA;BRAIN-BTA.ST
BRANDB;BRANDB.ST
BRAV;BRAV.ST
BRE2;BRE2.ST
BRG-B;BRG-B.ST
BRICK-B*;BRICK-B*.ST
BRIG;BRIG.ST
BRILL;BRILL.ST
BRILL-BTA;BRILL-BTA.ST
BRILL-TR;BRILL-TR.ST
BRIN-B;BRIN-B.ST
BRIX;BRIX.ST
BTCX;BTCX.ST
BTS-B;BTS-B.ST
BUFAB;BUFAB.ST
BUILD;BUILD.ST
BULTEN;BULTEN.ST
BURE;BURE.ST
BUSER;BUSER.ST
BUY;BUY.ST
BYGGP;BYGGP.ST
CAG;CAG.ST
CALMA-B;CALMA-B.ST
CALMA-TO-3-B;CALMA-TO-3-B.ST
CALTX;CALTX.ST
CAM-B;CAM-B.ST
CAMX;CAMX.ST
CANDLE-B;CANDLE-B.ST
CANTA;CANTA.ST
CAPS;CAPS.ST
CAPS-BT1;CAPS-BT1.ST
CAPS-PREF;CAPS-PREF.ST
CARDEO;CARDEO.ST
CARE;CARE.ST
CASE;CASE.ST
CAST;CAST.ST
CAT-A;CAT-A.ST
CAT-B;CAT-B.ST
CATE;CATE.ST
CBTT-B;CBTT-B.ST
CCC;CCC.ST
CCOR-B;CCOR-B.ST
CDMIL;CDMIL.ST
CDON;CDON.ST
CE;CE.ST
CE-TO10;CE-TO10.ST
CEDER;CEDER.ST
CEVI;CEVI.ST
CF1-PREF-P2;CF1-PREF-P2.ST
CF2-PREF-P2;CF2-PREF-P2.ST
CFISH;CFISH.ST
CGIT-B;CGIT-B.ST
CHARGE;CHARGE.ST
CHECK;CHECK.ST
CHOSA;CHOSA.ST
CHRO;CHRO.ST
CHRO-BTU;CHRO-BTU.ST
CHRO-UR;CHRO-UR.ST
CI;CI.ST
CIBUS;CIBUS.ST
CINIS;CINIS.ST
CINT;CINT.ST
CIRCHE;CIRCHE.ST
CISH;CISH.ST
CISH-TO1;CISH-TO1.ST
CLA-B;CLA-B.ST
CLAS-B;CLAS-B.ST
CLAV;CLAV.ST
CLBIO;CLBIO.ST
CLEM;CLEM.ST
CLEMO;CLEMO.ST
CLEMO-TO2;CLEMO-TO2.ST
CLIME-B;CLIME-B.ST
CLINE-B;CLINE-B.ST
CLINE-BTA-B;CLINE-BTA-B.ST
CLINE-TR-B;CLINE-TR-B.ST
CLS-B;CLS-B.ST
CLS-TO-4-B;CLS-TO-4-B.ST
CMH;CMH.ST
CMOTEC-B;CMOTEC-B.ST
CMOTEC-BTU-B;CMOTEC-BTU-B.ST
CMOTEC-TO3-B;CMOTEC-TO3-B.ST
CNCJO-B;CNCJO-B.ST
CNI5-PREF-P2;CNI5-PREF-P2.ST
COALA;COALA.ST
COALA-TO-1;COALA-TO-1.ST
COEGIN;COEGIN.ST
COIC;COIC.ST
COLL;COLL.ST
COMBI;COMBI.ST
COMINT;COMINT.ST
COMPDM;COMPDM.ST
COOR;COOR.ST
COPP-B;COPP-B.ST
CORE-A;CORE-A.ST
CORE-B;CORE-B.ST
CORE-D;CORE-D.ST
CORE-PREF;CORE-PREF.ST
CPAC-SPAC;CPAC-SPAC.ST
CPE-I;CPE-I.ST
CRAD-B;CRAD-B.ST
CRBX;CRBX.ST
CRBX-TO-1;CRBX-TO-1.ST
CRED-A;CRED-A.ST
CRET;CRET.ST
CRET-TO1;CRET-TO1.ST
CRNO-B;CRNO-B.ST
CRWN;CRWN.ST
CS;CS.ST
CSEC;CSEC.ST
CSEC-BTU;CSEC-BTU.ST
CSEC-TO--1;CSEC-TO--1.ST
CTEK;CTEK.ST
CTM;CTM.ST
CTM-TO1;CTM-TO1.ST
CTT;CTT.ST
CX;CX.ST
CYB1;CYB1.ST
CYXO;CYXO.ST
DBP-B;DBP-B.ST
DDM;DDM.ST
DE;DE.ST
DEAR;DEAR.ST
DEDI;DEDI.ST
DEVP-B;DEVP-B.ST
DEX;DEX.ST
DIABIO;DIABIO.ST
DIAH;DIAH.ST
DICOT;DICOT.ST
DICOT-TO-4;DICOT-TO-4.ST
DICOT-TO-5;DICOT-TO-5.ST
DIGN;DIGN.ST
DIOS;DIOS.ST
DIST;DIST.ST
DIST-BTA;DIST-BTA.ST
DIV-B;DIV-B.ST
DIVIO-B;DIVIO-B.ST
DIVIO-TO-1-B;DIVIO-TO-1-B.ST
DLAB;DLAB.ST
DMYD-B;DMYD-B.ST
DOM;DOM.ST
DORO;DORO.ST
DOXA;DOXA.ST
DRIL;DRIL.ST
DSNO;DSNO.ST
DSPAB-B;DSPAB-B.ST
DUNI;DUNI.ST
DURC-B;DURC-B.ST
DUST;DUST.ST
DVYSR;DVYSR.ST
EAGLES;EAGLES.ST
EAST;EAST.ST
EASY-B;EASY-B.ST
EATG;EATG.ST
EBLITZ;EBLITZ.ST
ECC-B;ECC-B.ST
ECO-B;ECO-B.ST
ECOM;ECOM.ST
ECORE;ECORE.ST
ECTIN-B;ECTIN-B.ST
EEVIA;EEVIA.ST
EEVIA-BTA;EEVIA-BTA.ST
EEVIA-TR;EEVIA-TR.ST
EFFH;EFFH.ST
EG7;EG7.ST
EGTX;EGTX.ST
EKOBOT;EKOBOT.ST
EKTA-B;EKTA-B.ST
ELAN-B;ELAN-B.ST
ELIC;ELIC.ST
ELLWEE;ELLWEE.ST
ELN;ELN.ST
ELN-BTA;ELN-BTA.ST
ELN-TR;ELN-TR.ST
ELON;ELON.ST
ELOS-B;ELOS-B.ST
ELTEL;ELTEL.ST
ELUX-A;ELUX-A.ST
ELUX-B;ELUX-B.ST
EMBELL;EMBELL.ST
EMBRAC-B;EMBRAC-B.ST
EMIL-B;EMIL-B.ST
EMIL-PREF;EMIL-PREF.ST
EMPIR-B;EMPIR-B.ST
EMPIR-TO4-B;EMPIR-TO4-B.ST
EMPIR-TO5-B;EMPIR-TO5-B.ST
EMPLI;EMPLI.ST
ENDO;ENDO.ST
ENEA;ENEA.ST
ENERS;ENERS.ST
ENERS-BTA;ENERS-BTA.ST
ENERS-TR;ENERS-TR.ST
ENGCON-B;ENGCON-B.ST
ENQ;ENQ.ST
ENRAD;ENRAD.ST
ENRO;ENRO.ST
ENRO-PREF-A;ENRO-PREF-A.ST
ENRO-PREF-B;ENRO-PREF-B.ST
ENVI-B;ENVI-B.ST
ENZY;ENZY.ST
EOID;EOID.ST
EOLU-B;EOLU-B.ST
EOS;EOS.ST
EPI-A;EPI-A.ST
EPI-B;EPI-B.ST
EPIS-B;EPIS-B.ST
EPIS-TO-4B;EPIS-TO-4B.ST
EPRO-B;EPRO-B.ST
EPTI;EPTI.ST
EQL;EQL.ST
EQT;EQT.ST
ERIC-A;ERIC-A.ST
ERIC-B;ERIC-B.ST
ERMA;ERMA.ST
ESGR-B;ESGR-B.ST
ESSITY-A;ESSITY-A.ST
ESSITY-B;ESSITY-B.ST
EUCI;EUCI.ST
EURA;EURA.ST
EURA-BTU;EURA-BTU.ST
EURA-TO2;EURA-TO2.ST
EURA-UR;EURA-UR.ST
EURI-B;EURI-B.ST
EURI-BTU-B;EURI-BTU-B.ST
EURI-UR-B;EURI-UR-B.ST
EURO;EURO.ST
EVERY;EVERY.ST
EVO;EVO.ST
EWRK;EWRK.ST
EXALT;EXALT.ST
EXPRS2;EXPRS2.ST
EXPRS2-BTU;EXPRS2-BTU.ST
EXPRS2-UR;EXPRS2-UR.ST
EXS;EXS.ST
F2M;F2M.ST
FABG;FABG.ST
FAG;FAG.ST
FAGA;FAGA.ST
FASTAT;FASTAT.ST
FERRO;FERRO.ST
FG;FG.ST
FGG;FGG.ST
FIL;FIL.ST
FINE;FINE.ST
FING-B;FING-B.ST
FING-TO7-B;FING-TO7-B.ST
FIRE;FIRE.ST
FIRST-B;FIRST-B.ST
FLAT-B;FLAT-B.ST
FLEXM;FLEXM.ST
FLEXQ;FLEXQ.ST
FLMNG;FLMNG.ST
FLOWS;FLOWS.ST
FLOWS;FLOWS.ST
FLUI;FLUI.ST
FLUI-BTU;FLUI-BTU.ST
FLUI-TO4;FLUI-TO4.ST
FLUO;FLUO.ST
FMM-B;FMM-B.ST
FNM;FNM.ST
FNOVA-B;FNOVA-B.ST
FNOX;FNOX.ST
FOI-B;FOI-B.ST
FOOT-B;FOOT-B.ST
FOOT-PREF;FOOT-PREF.ST
FOUT;FOUT.ST
FPAR-A;FPAR-A.ST
FPAR-D;FPAR-D.ST
FPIP;FPIP.ST
FRACTL;FRACTL.ST
FRAG;FRAG.ST
FRAM-B;FRAM-B.ST
FREEM;FREEM.ST
FREJA;FREJA.ST
FRILAN;FRILAN.ST
FRISQ;FRISQ.ST
FRNT-B;FRNT-B.ST
FSPORT;FSPORT.ST
FXI;FXI.ST
G5EN;G5EN.ST
GABA;GABA.ST
GAMEC;GAMEC.ST
GAPW-B;GAPW-B.ST
GARO;GARO.ST
GATE;GATE.ST
GBK;GBK.ST
GCOR;GCOR.ST
GENE;GENE.ST
GENI;GENI.ST
GENO;GENO.ST
GETI-B;GETI-B.ST
GGEO;GGEO.ST
GHUS-B;GHUS-B.ST
GIAB;GIAB.ST
GIGSEK;GIGSEK.ST
GJAB;GJAB.ST
GOGRID-SDB;GOGRID-SDB.ST
GOMERO;GOMERO.ST
GOMX;GOMX.ST
GOMX-BTA;GOMX-BTA.ST
GOMX-TR;GOMX-TR.ST
GOTL-A;GOTL-A.ST
GOTL-B;GOTL-B.ST
GPG;GPG.ST
GPX;GPX.ST
GRANGX;GRANGX.ST
GREAT;GREAT.ST
GREEN;GREEN.ST
GRNG;GRNG.ST
GTAB-B;GTAB-B.ST
GTG;GTG.ST
GUARD;GUARD.ST
HAMLET-B;HAMLET-B.ST
HAMLET-TO-4-B;HAMLET-TO-4-B.ST
HANZA;HANZA.ST
HAV-B;HAV-B.ST
HAYPP;HAYPP.ST
HDW-B;HDW-B.ST
HEART;HEART.ST
HEBA-B;HEBA-B.ST
HEGR;HEGR.ST
HEIM-PREF;HEIM-PREF.ST
HELIO;HELIO.ST
HELIO-BTA;HELIO-BTA.ST
HEM;HEM.ST
HEMC;HEMC.ST
HEXA-B;HEXA-B.ST
HEXI;HEXI.ST
HIFA-B;HIFA-B.ST
HIGHCO-B;HIGHCO-B.ST
HILB-B;HILB-B.ST
HILB-TO1;HILB-TO1.ST
HM-B;HM-B.ST
HMPLY;HMPLY.ST
HMS;HMS.ST
HNSA;HNSA.ST
HODL;HODL.ST
HOFI;HOFI.ST
HOI-B;HOI-B.ST
HOLM-A;HOLM-A.ST
HOLM-B;HOLM-B.ST
HOME-B;HOME-B.ST
HOODIN;HOODIN.ST
HOYLU;HOYLU.ST
HOYLU-BTA;HOYLU-BTA.ST
HOYLU-TR;HOYLU-TR.ST
HPOL-B;HPOL-B.ST
HRNTS;HRNTS.ST
HTRO;HTRO.ST
HUBS;HUBS.ST
HUBSO;HUBSO.ST
HUFV-A;HUFV-A.ST
HUM;HUM.ST
HUMBLE;HUMBLE.ST
HUSQ-A;HUSQ-A.ST
HUSQ-B;HUSQ-B.ST
HYCO;HYCO.ST
HYCO-BTU;HYCO-BTU.ST
HYCO-UR;HYCO-UR.ST
IAR-B;IAR-B.ST
IBT-B;IBT-B.ST
ICO;ICO.ST
IDOGEN;IDOGEN.ST
IDUN-B;IDUN-B.ST
IMINT;IMINT.ST
IMMNOV;IMMNOV.ST
IMMNOV-BTA;IMMNOV-BTA.ST
IMMU;IMMU.ST
IMP-A-SDB;IMP-A-SDB.ST
IMPC;IMPC.ST
IMS;IMS.ST
IMSOL-B;IMSOL-B.ST
IMSYS;IMSYS.ST
INCOAX;INCOAX.ST
INCOAX-BTA;INCOAX-BTA.ST
INDEX;INDEX.ST
INDT;INDT.ST
INDU-A;INDU-A.ST
INDU-C;INDU-C.ST
INFRA;INFRA.ST
INFREA;INFREA.ST
INISS-B;INISS-B.ST
INIT;INIT.ST
INSP;INSP.ST
INSTAL;INSTAL.ST
INT;INT.ST
INTEG-B;INTEG-B.ST
INTRUM;INTRUM.ST
INVE-A;INVE-A.ST
INVE-B;INVE-B.ST
INWI;INWI.ST
IPCO;IPCO.ST
IRIS;IRIS.ST
IRLAB-A;IRLAB-A.ST
IRRAS;IRRAS.ST
IS;IS.ST
ISAB;ISAB.ST
ISAB-BTA;ISAB-BTA.ST
ISAB-TR;ISAB-TR.ST
ISOFOL;ISOFOL.ST
ISR;ISR.ST
ITAB;ITAB.ST
ITECH;ITECH.ST
IVACC;IVACC.ST
IVSO;IVSO.ST
IZAFE-B;IZAFE-B.ST
JDT;JDT.ST
JDT-BTU;JDT-BTU.ST
JDT-UR;JDT-UR.ST
JETPAK;JETPAK.ST
JLT;JLT.ST
JM;JM.ST
JOBS;JOBS.ST
JOJK;JOJK.ST
JOMA;JOMA.ST
JSSEC;JSSEC.ST
K2A-B;K2A-B.ST
K2A-PREF;K2A-PREF.ST
KABE-B;KABE-B.ST
KAKEL;KAKEL.ST
KAMBI;KAMBI.ST
KAN;KAN.ST
KAN-BTU;KAN-BTU.ST
KAN-TO-6;KAN-TO-6.ST
KAPIAB;KAPIAB.ST
KAR;KAR.ST
KARO;KARO.ST
KAV;KAV.ST
KDEV;KDEV.ST
KEBNI-B;KEBNI-B.ST
KENH;KENH.ST
KFAST-B;KFAST-B.ST
KILI;KILI.ST
KILI-BTA;KILI-BTA.ST
KILI-TR;KILI-TR.ST
KIND-SDB;KIND-SDB.ST
KINV-A;KINV-A.ST
KINV-B;KINV-B.ST
KJELL;KJELL.ST
KLAR;KLAR.ST
KLARA-B;KLARA-B.ST
KLIMAT;KLIMAT.ST
KNOW;KNOW.ST
KOBR-B;KOBR-B.ST
KOLL;KOLL.ST
KONT;KONT.ST
KOPY;KOPY.ST
KRONA;KRONA.ST
KVIX;KVIX.ST
L2S;L2S.ST
L2S-BTA;L2S-BTA.ST
L2S-TR;L2S-TR.ST
LADYLU;LADYLU.ST
LAGR-B;LAGR-B.ST
LAIR;LAIR.ST
LAIR-TO2;LAIR-TO2.ST
LAMM-B;LAMM-B.ST
LATF-B;LATF-B.ST
LATO-B;LATO-B.ST
LAUR;LAUR.ST
LCLEAN;LCLEAN.ST
LCT;LCT.ST
LCT-TO4;LCT-TO4.ST
LEMSE;LEMSE.ST
LEVEL;LEVEL.ST
LIAB;LIAB.ST
LIDDS;LIDDS.ST
LIFCO-B;LIFCO-B.ST
LIME;LIME.ST
LINC;LINC.ST
LINKAB;LINKAB.ST
LINKFI;LINKFI.ST
LIPI;LIPI.ST
LIPUM;LIPUM.ST
LITI;LITI.ST
LMKG;LMKG.ST
LOGI-A;LOGI-A.ST
LOGI-B;LOGI-B.ST
LOGIST;LOGIST.ST
LOHILO;LOHILO.ST
LOOMIS;LOOMIS.ST
LOVE-B;LOVE-B.ST
LOVI;LOVI.ST
LOYAL;LOYAL.ST
LPGO;LPGO.ST
LPGO-BTU;LPGO-BTU.ST
LPGO-UR;LPGO-UR.ST
LUC;LUC.ST
LUG;LUG.ST
LUMEN;LUMEN.ST
LUMI;LUMI.ST
LUMITO;LUMITO.ST
LUND-B;LUND-B.ST
LXB;LXB.ST
LYGRD;LYGRD.ST
LYKO-A;LYKO-A.ST
M8G;M8G.ST
MACK-B;MACK-B.ST
MAGI;MAGI.ST
MAGLE;MAGLE.ST
MAHA-A;MAHA-A.ST
MAHVIE;MAHVIE.ST
MAHVIE-TO1;MAHVIE-TO1.ST
MALAR;MALAR.ST
MANG;MANG.ST
MANTEX;MANTEX.ST
MAV;MAV.ST
MAV-TO-3;MAV-TO-3.ST
MAVEN;MAVEN.ST
MBBAB;MBBAB.ST
MBRS;MBRS.ST
MCAP;MCAP.ST
MCLR;MCLR.ST
MCLR-TO2;MCLR-TO2.ST
MCOV-B;MCOV-B.ST
ME;ME.ST
MEAB-B;MEAB-B.ST
MEDF;MEDF.ST
MEDF-TO-2;MEDF-TO-2.ST
MEDHLP;MEDHLP.ST
MEDIMI;MEDIMI.ST
MEDIMI-BTU;MEDIMI-BTU.ST
MEDIMI-TO-6;MEDIMI-TO-6.ST
MEDIMI-TO-7;MEDIMI-TO-7.ST
MEDIMI-UR;MEDIMI-UR.ST
MEGR;MEGR.ST
MEKO;MEKO.ST
MESTRO;MESTRO.ST
META;META.ST
MFA;MFA.ST
MIDS;MIDS.ST
MIDS-BTU;MIDS-BTU.ST
MIDS-UR;MIDS-UR.ST
MIDW-A;MIDW-A.ST
MIDW-B;MIDW-B.ST
MILDEF;MILDEF.ST
MINEST;MINEST.ST
MIPS;MIPS.ST
MIR;MIR.ST
MISE;MISE.ST
MLTR;MLTR.ST
MMGR-B;MMGR-B.ST
MNDRK;MNDRK.ST
MNTC;MNTC.ST
MOB;MOB.ST
MOBA;MOBA.ST
MODEL-B;MODEL-B.ST
MODI;MODI.ST
MODTX;MODTX.ST
MOFAST;MOFAST.ST
MOMENT;MOMENT.ST
MONI;MONI.ST
MONI-BTU;MONI-BTU.ST
MONI-TO-2;MONI-TO-2.ST
MONI-UR;MONI-UR.ST
MOV;MOV.ST
MOV-TO2;MOV-TO2.ST
MPOS;MPOS.ST
MPOS-BTA;MPOS-BTA.ST
MPOS-TR;MPOS-TR.ST
MSAB-B;MSAB-B.ST
MSON-A;MSON-A.ST
MSON-B;MSON-B.ST
MTG-A;MTG-A.ST
MTG-B;MTG-B.ST
MTI;MTI.ST
MTRS;MTRS.ST
MVIR-B;MVIR-B.ST
MYBEAT;MYBEAT.ST
MYBEAT-TO-1;MYBEAT-TO-1.ST
MYCR;MYCR.ST
N55;N55.ST
NAIG-B;NAIG-B.ST
NANEXA;NANEXA.ST
NANOC-B;NANOC-B.ST
NANOCAP-B;NANOCAP-B.ST
NANOFS;NANOFS.ST
NATTA;NATTA.ST
NATTA-TO-1;NATTA-TO-1.ST
NAXS;NAXS.ST
NBZ;NBZ.ST
NCAB;NCAB.ST
NCC-A;NCC-A.ST
NCC-B;NCC-B.ST
NDA-SE;NDA-SE.ST
NELLY;NELLY.ST
NELLY-BTA;NELLY-BTA.ST
NEOBO;NEOBO.ST
NEOD;NEOD.ST
NEOLA;NEOLA.ST
NEPA;NEPA.ST
NETEL;NETEL.ST
NETI-B;NETI-B.ST
NETM-B;NETM-B.ST
NEWA-B;NEWA-B.ST
NEWBRY;NEWBRY.ST
NEXAM;NEXAM.ST
NFGAB;NFGAB.ST
NFO;NFO.ST
NG;NG.ST
NGENIC;NGENIC.ST
NGS;NGS.ST
NIBE-B;NIBE-B.ST
NICA;NICA.ST
NICO;NICO.ST
NICO-TO-1;NICO-TO-1.ST
NIL-B;NIL-B.ST
NILAR;NILAR.ST
NILS;NILS.ST
NIMU;NIMU.ST
NIO;NIO.ST
NIS;NIS.ST
NITRO;NITRO.ST
NIVI-B;NIVI-B.ST
NJOB;NJOB.ST
NMAN;NMAN.ST
NNH;NNH.ST
NOBI;NOBI.ST
NODE;NODE.ST
NOKIA-SEK;NOKIA-SEK.ST
NOLA-B;NOLA-B.ST
NORB-B;NORB-B.ST
NORDIG;NORDIG.ST
NORSE;NORSE.ST
NORVA;NORVA.ST
NOSA;NOSA.ST
NOSIUM-B;NOSIUM-B.ST
NOTE;NOTE.ST
NOTEK;NOTEK.ST
NOVU;NOVU.ST
NOWO;NOWO.ST
NOWO-TO2;NOWO-TO2.ST
NOWO-TO3;NOWO-TO3.ST
NP3;NP3.ST
NP3-PREF;NP3-PREF.ST
NPAPER;NPAPER.ST
NTEK-B;NTEK-B.ST
NWG;NWG.ST
NXAR;NXAR.ST
NXTCL;NXTCL.ST
NXTMS;NXTMS.ST
NYF;NYF.ST
NYTTO;NYTTO.ST
NYTTO-PREF;NYTTO-PREF.ST
OBAB;OBAB.ST
OBDU-B;OBDU-B.ST
OBDU-PREF-B;OBDU-PREF-B.ST
OBDU-TO15B;OBDU-TO15B.ST
OBST;OBST.ST
ODI;ODI.ST
ODIN;ODIN.ST
OEM-B;OEM-B.ST
OGUN-B;OGUN-B.ST
OMNI;OMNI.ST
ONCO;ONCO.ST
ONCOZ;ONCOZ.ST
ONEF;ONEF.ST
OP;OP.ST
OP-PREF;OP-PREF.ST
OP-PREFB;OP-PREFB.ST
OP-TO1;OP-TO1.ST
OPT;OPT.ST
OPTER;OPTER.ST
OPTI;OPTI.ST
OPTI-TO-5;OPTI-TO-5.ST
OPTI-TO-6;OPTI-TO-6.ST
ORES;ORES.ST
ORGC;ORGC.ST
ORRON;ORRON.ST
ORT-B;ORT-B.ST
ORT-B;ORT-B.ST
ORT-TO-2-B;ORT-TO-2-B.ST
ORTI-A;ORTI-A.ST
ORTI-B;ORTI-B.ST
ORX;ORX.ST
OSSD;OSSD.ST
OURLIV;OURLIV.ST
OVZON;OVZON.ST
OX2;OX2.ST
OXE;OXE.ST
PACT;PACT.ST
PAGERO;PAGERO.ST
PARTY;PARTY.ST
PAX;PAX.ST
PCAT;PCAT.ST
PCELL;PCELL.ST
PCOM-B;PCOM-B.ST
PDX;PDX.ST
PEAB-B;PEAB-B.ST
PEGRO-PREF;PEGRO-PREF.ST
PENG-B;PENG-B.ST
PEXA-B;PEXA-B.ST
PHAL;PHAL.ST
PHAL-BTU;PHAL-BTU.ST
PHARM;PHARM.ST
PHI;PHI.ST
PHI-TO-3;PHI-TO-3.ST
PHI-TO-4;PHI-TO-4.ST
PHLOG-B;PHLOG-B.ST
PHLOG-TO2-B;PHLOG-TO2-B.ST
PHOL-PREF;PHOL-PREF.ST
PHYR-B;PHYR-B.ST
PHYR-PREF;PHYR-PREF.ST
PIERCE;PIERCE.ST
PILA;PILA.ST
PILA-BTA;PILA-BTA.ST
PILA-TR;PILA-TR.ST
PION-B;PION-B.ST
PLAZ-B;PLAZ-B.ST
PLEJD;PLEJD.ST
PLEX;PLEX.ST
PLUN;PLUN.ST
PLUN-TO2;PLUN-TO2.ST
PMED;PMED.ST
PMED-TO-1;PMED-TO-1.ST
PMED-TO-2;PMED-TO-2.ST
PMED-TO-3;PMED-TO-3.ST
PMED-TO-4;PMED-TO-4.ST
PNDX-B;PNDX-B.ST
POLAR;POLAR.ST
POLY;POLY.ST
POLYG;POLYG.ST
POLYMER;POLYMER.ST
PRCO-B;PRCO-B.ST
PREBON;PREBON.ST
PREC;PREC.ST
PRESRV;PRESRV.ST
PREV-B;PREV-B.ST
PRFO;PRFO.ST
PRIC-B;PRIC-B.ST
PRLD;PRLD.ST
PRLD-TO5;PRLD-TO5.ST
PRO;PRO.ST
PROB;PROB.ST
PROF-B;PROF-B.ST
PROGEN;PROGEN.ST
PROMO;PROMO.ST
PROVIT;PROVIT.ST
PSCAND;PSCAND.ST
PTRK;PTRK.ST
PURE;PURE.ST
PYDR;PYDR.ST
PYDR-TO2;PYDR-TO2.ST
PYDR-TO3;PYDR-TO3.ST
QAIR;QAIR.ST
QBIT;QBIT.ST
QBNK;QBNK.ST
QBRICK;QBRICK.ST
QCORE;QCORE.ST
QIIWI;QIIWI.ST
QLIFE;QLIFE.ST
QLIFE-BTU;QLIFE-BTU.ST
QLIFE-TO2;QLIFE-TO2.ST
QLIFE-UR;QLIFE-UR.ST
QLINEA;QLINEA.ST
QLIRO;QLIRO.ST
QLOSR-B;QLOSR-B.ST
QUART;QUART.ST
QUART-PREF;QUART-PREF.ST
QUIA;QUIA.ST
QUIA-BTU;QUIA-BTU.ST
QUIA-TO7;QUIA-TO7.ST
RAIL;RAIL.ST
RAKE;RAKE.ST
RATO-A;RATO-A.ST
RATO-B;RATO-B.ST
RAY-B;RAY-B.ST
RAYTL;RAYTL.ST
RAYTL-BTU;RAYTL-BTU.ST
RAYTL-TO2;RAYTL-TO2.ST
READ;READ.ST
REAL;REAL.ST
REALFI;REALFI.ST
REATO;REATO.ST
RECY-B;RECY-B.ST
REDS;REDS.ST
REDW;REDW.ST
REDW-BTU;REDW-BTU.ST
REDW-UR;REDW-UR.ST
REJL-B;REJL-B.ST
RENEW;RENEW.ST
RENT;RENT.ST
RESP;RESP.ST
RESQ;RESQ.ST
RESURS;RESURS.ST
RHOVAC;RHOVAC.ST
RIGHTB;RIGHTB.ST
RIGHTB-BTU;RIGHTB-BTU.ST
RIGHTB-UR;RIGHTB-UR.ST
RIZZO-B;RIZZO-B.ST
RIZZO-TR-B;RIZZO-TR-B.ST
RLOS-B;RLOS-B.ST
RLS;RLS.ST
RLS-BTA;RLS-BTA.ST
RMDX;RMDX.ST
RMDX-TO-1;RMDX-TO-1.ST
RMDX-TO-2;RMDX-TO-2.ST
RO;RO.ST
RO-TO2;RO-TO2.ST
RPLAN;RPLAN.ST
RROS;RROS.ST
RUG;RUG.ST
RVN;RVN.ST
RVRC;RVRC.ST
S2M;S2M.ST
SAAB-B;SAAB-B.ST
SAFE;SAFE.ST
SAGA-A;SAGA-A.ST
SAGA-B;SAGA-B.ST
SAGA-D;SAGA-D.ST
SALT-B;SALT-B.ST
SAMPO-SDB;SAMPO-SDB.ST
SAMT-B;SAMT-B.ST
SAND;SAND.ST
SANION;SANION.ST
SARS;SARS.ST
SAS;SAS.ST
SAVE;SAVE.ST
SAVOS;SAVOS.ST
SAXG;SAXG.ST
SBB-B;SBB-B.ST
SBB-D;SBB-D.ST
SBFBO-A;SBFBO-A.ST
SBFBO-B;SBFBO-B.ST
SBOK;SBOK.ST
SCA-A;SCA-A.ST
SCA-B;SCA-B.ST
SCC-B;SCC-B.ST
SCIB;SCIB.ST
SCIB-BTA;SCIB-BTA.ST
SCOL;SCOL.ST
SCOUT;SCOUT.ST
SCST;SCST.ST
SDET;SDET.ST
SDIP-B;SDIP-B.ST
SDIP-PREF;SDIP-PREF.ST
SDOS;SDOS.ST
SDS;SDS.ST
SEAF;SEAF.ST
SEB-A;SEB-A.ST
SEB-C;SEB-C.ST
SECARE;SECARE.ST
SECI;SECI.ST
SECI-TO-1;SECI-TO-1.ST
SECT-B;SECT-B.ST
SECU-B;SECU-B.ST
SEDANA;SEDANA.ST
SELARM;SELARM.ST
SELECT-B;SELECT-B.ST
SEMC;SEMC.ST
SENS;SENS.ST
SENSI;SENSI.ST
SENSI-TO-1;SENSI-TO-1.ST
SENZA;SENZA.ST
SERT;SERT.ST
SES;SES.ST
SEYE;SEYE.ST
SEZI;SEZI.ST
SF;SF.ST
SFAB;SFAB.ST
SFAST;SFAST.ST
SFERIO;SFERIO.ST
SFERIO-TO2;SFERIO-TO2.ST
SFL;SFL.ST
SFTR;SFTR.ST
SFTR-BTA;SFTR-BTA.ST
SHB-A;SHB-A.ST
SHB-B;SHB-B.ST
SHOT;SHOT.ST
SHT-B;SHT-B.ST
SIGNUP;SIGNUP.ST
SILEON;SILEON.ST
SIMRIS-B;SIMRIS-B.ST
SINCH;SINCH.ST
SINT;SINT.ST
SIVE;SIVE.ST
SKA-B;SKA-B.ST
SKF-A;SKF-A.ST
SKF-B;SKF-B.ST
SKIS-B;SKIS-B.ST
SKMO;SKMO.ST
SKOG-A;SKOG-A.ST
SKOLON;SKOLON.ST
SLEEP;SLEEP.ST
SLG-B;SLG-B.ST
SLOTT-B;SLOTT-B.ST
SLP-B;SLP-B.ST
SMART-SDB;SMART-SDB.ST
SMG;SMG.ST
SMOL;SMOL.ST
SMOL-BTU;SMOL-BTU.ST
SMOL-TO-7;SMOL-TO-7.ST
SNM;SNM.ST
SNX;SNX.ST
SOBI;SOBI.ST
SOCIAL;SOCIAL.ST
SOCIAL-TO-2;SOCIAL-TO-2.ST
SODER;SODER.ST
SOF-B;SOF-B.ST
SOLIDX;SOLIDX.ST
SOLNA;SOLNA.ST
SOLT;SOLT.ST
SONE;SONE.ST
SOSI;SOSI.ST
SOUND;SOUND.ST
SOZAP;SOZAP.ST
SPAC2;SPAC2.ST
SPAGO;SPAGO.ST
SPEC;SPEC.ST
SPEONE;SPEONE.ST
SPEQT;SPEQT.ST
SPERM;SPERM.ST
SPERM-TO-2;SPERM-TO-2.ST
SPGR;SPGR.ST
SPIFF;SPIFF.ST
SPIRA;SPIRA.ST
SPRINT;SPRINT.ST
SPRINT-BTU;SPRINT-BTU.ST
SPRINT-TO-5;SPRINT-TO-5.ST
SRNKE-B;SRNKE-B.ST
SSAB-A;SSAB-A.ST
SSAB-B;SSAB-B.ST
STABL;STABL.ST
STABL-BTA;STABL-BTA.ST
STAR-A;STAR-A.ST
STAR-B;STAR-B.ST
STE-A;STE-A.ST
STE-R;STE-R.ST
STEF-B;STEF-B.ST
STIL;STIL.ST
STOR-B;STOR-B.ST
STORY-B;STORY-B.ST
STRAX;STRAX.ST
STREAM;STREAM.ST
STREAM-TO-2;STREAM-TO-2.ST
STREAM-TO-3;STREAM-TO-3.ST
STRLNG;STRLNG.ST
STUDBO;STUDBO.ST
STVA-B;STVA-B.ST
STW;STW.ST
STW-TO3;STW-TO3.ST
STWK;STWK.ST
SUN4;SUN4.ST
SUS;SUS.ST
SUSG;SUSG.ST
SUST;SUST.ST
SVED-B;SVED-B.ST
SVIK;SVIK.ST
SVOL-A;SVOL-A.ST
SVOL-B;SVOL-B.ST
SWEC-A;SWEC-A.ST
SWEC-B;SWEC-B.ST
SWED-A;SWED-A.ST
SWEM-B;SWEM-B.ST
SWMA;SWMA.ST
SYDSV;SYDSV.ST
SYNACT;SYNACT.ST
SYNC-B;SYNC-B.ST
SYNC-TO-3-B;SYNC-TO-3-B.ST
SYNC-TO-4-B;SYNC-TO-4-B.ST
SYNSAM;SYNSAM.ST
SYNT;SYNT.ST
SYSR;SYSR.ST
TAGM-B;TAGM-B.ST
TALK;TALK.ST
TANGI;TANGI.ST
TANGI-TO1;TANGI-TO1.ST
TAUR-B;TAUR-B.ST
TBD30-A;TBD30-A.ST
TBD30-TO1-A;TBD30-TO1-A.ST
TBD30-TO2-A;TBD30-TO2-A.ST
TCC-A;TCC-A.ST
TCT;TCT.ST
TDVOX;TDVOX.ST
TEL2-A;TEL2-A.ST
TEL2-B;TEL2-B.ST
TELIA;TELIA.ST
TELLUS;TELLUS.ST
TENDO;TENDO.ST
TENDO-BTU;TENDO-BTU.ST
TENDO-TO-1;TENDO-TO-1.ST
TENDO-TO-2;TENDO-TO-2.ST
TEQ;TEQ.ST
TERRNT-B;TERRNT-B.ST
TESSIN;TESSIN.ST
TESSIN-BTU;TESSIN-BTU.ST
TESSIN-TO-1;TESSIN-TO-1.ST
TESSIN-UR;TESSIN-UR.ST
TETY;TETY.ST
TFBANK;TFBANK.ST
TH1NG;TH1NG.ST
THINC;THINC.ST
THULE;THULE.ST
THUNDR;THUNDR.ST
TIETOS;TIETOS.ST
TIGO-SDB;TIGO-SDB.ST
TINGS-A;TINGS-A.ST
TINGS-B;TINGS-B.ST
TINGS-PREF;TINGS-PREF.ST
TINGS-TO-1;TINGS-TO-1.ST
TIRO;TIRO.ST
TITA-B;TITA-B.ST
TOBII;TOBII.ST
TOL;TOL.ST
TOPR;TOPR.ST
TOPR-TO3;TOPR-TO3.ST
TORSAB;TORSAB.ST
TOUCH;TOUCH.ST
TOURN;TOURN.ST
TPGR;TPGR.ST
TRAC-B;TRAC-B.ST
TRAD;TRAD.ST
TRAIN-B;TRAIN-B.ST
TRAN-A;TRAN-A.ST
TRAN-B;TRAN-B.ST
TRANS;TRANS.ST
TREL-B;TREL-B.ST
TRIAN-B;TRIAN-B.ST
TRIBO-B;TRIBO-B.ST
TRIBO-TO-1-B;TRIBO-TO-1-B.ST
TRIBO-TO-2-B;TRIBO-TO-2-B.ST
TRIONA;TRIONA.ST
TRML;TRML.ST
TRNSF;TRNSF.ST
TRNSF-BT;TRNSF-BT.ST
TROAX;TROAX.ST
TRUE-B;TRUE-B.ST
TSEC;TSEC.ST
TURA;TURA.ST
TWIIK;TWIIK.ST
UMIDA-B;UMIDA-B.ST
UNIBAP;UNIBAP.ST
UNIBAP-TO-2;UNIBAP-TO-2.ST
UPGRAD;UPGRAD.ST
UPSALE;UPSALE.ST
URBIT;URBIT.ST
USWE;USWE.ST
UTG;UTG.ST
VADS;VADS.ST
VBG-B;VBG-B.ST
VEFAB;VEFAB.ST
VERT-B;VERT-B.ST
VESTUM;VESTUM.ST
VH;VH.ST
VICO;VICO.ST
VIMAB;VIMAB.ST
VIMIAN;VIMIAN.ST
VIT-B;VIT-B.ST
VITR;VITR.ST
VIVA;VIVA.ST
VIVE;VIVE.ST
VNV;VNV.ST
VNV-BTA;VNV-BTA.ST
VNV-TO1;VNV-TO1.ST
VNV-TR;VNV-TR.ST
VO2;VO2.ST
VOLAB;VOLAB.ST
VOLAB-BTA;VOLAB-BTA.ST
VOLAB-TO-2;VOLAB-TO-2.ST
VOLAB-TR;VOLAB-TR.ST
VOLCAR-B;VOLCAR-B.ST
VOLO;VOLO.ST
VOLO-PREF;VOLO-PREF.ST
VOLV-A;VOLV-A.ST
VOLV-B;VOLV-B.ST
VPAB-B;VPAB-B.ST
VPLAY-A;VPLAY-A.ST
VPLAY-B;VPLAY-B.ST
VSD-B;VSD-B.ST
VSSAB-B;VSSAB-B.ST
VULTS;VULTS.ST
VULTS-TO-1;VULTS-TO-1.ST
VULTS-TO-2;VULTS-TO-2.ST
W5;W5.ST
WALL-B;WALL-B.ST
WAYS;WAYS.ST
WBGR-B;WBGR-B.ST
WIG;WIG.ST
WIG-TO-2;WIG-TO-2.ST
WIHL;WIHL.ST
WIL;WIL.ST
WISE;WISE.ST
WNT;WNT.ST
WNT-TO-5;WNT-TO-5.ST
WNT-TO-6;WNT-TO-6.ST
WPAY;WPAY.ST
WTG;WTG.ST
WYLD;WYLD.ST
WYLD-TO3;WYLD-TO3.ST
XANO-B;XANO-B.ST
XAVI-B;XAVI-B.ST
XBRANE;XBRANE.ST
XINT;XINT.ST
XMR;XMR.ST
XMR-TO1;XMR-TO1.ST
XPC;XPC.ST
XSPRAY;XSPRAY.ST
XVIVO;XVIVO.ST
YIELD;YIELD.ST
ZAPLOX;ZAPLOX.ST
ZAPLOX-BTU;ZAPLOX-BTU.ST
ZAPLOX-UR;ZAPLOX-UR.ST
ZAZZ-B;ZAZZ-B.ST
ZENI;ZENI.ST
ZENI-BTA;ZENI-BTA.ST
ZENI-TR;ZENI-TR.ST
ZENZIP-B;ZENZIP-B.ST
ZESEC;ZESEC.ST
ZESEC-TO3;ZESEC-TO3.ST
ZICC;ZICC.ST
ZIGN;ZIGN.ST
ZOOM;ZOOM.ST
ZOOM-TO-2;ZOOM-TO-2.ST
ZOOM-TO-3;ZOOM-TO-3.ST
ZORDIX-B;ZORDIX-B.ST
ZWIPE;ZWIPE.ST
